count,res_state,county_fips_code
41286,AK,02020
12214,AK,02090
3212,AK,02110
8305,AK,02122
18253,AK,02170
24826,AK,NA
6562,AL,01001
25639,AL,01003
2247,AL,01005
2688,AL,01007
6482,AL,01009
13145,AL,01015
3840,AL,01017
1830,AL,01019
4334,AL,01021
2404,AL,01025
5925,AL,01031
5113,AL,01033
4141,AL,01039
9522,AL,01043
5898,AL,01045
2804,AL,01047
6406,AL,01049
10063,AL,01051
4491,AL,01053
10267,AL,01055
3094,AL,01059
2969,AL,01061
10880,AL,01069
5512,AL,01071
74273,AL,01073
9257,AL,01077
2940,AL,01079
16126,AL,01081
9740,AL,01083
34681,AL,01089
3299,AL,01093
9892,AL,01095
52988,AL,01097
2336,AL,01099
21638,AL,01101
12639,AL,01103
3337,AL,01109
2286,AL,01111
4342,AL,01113
11089,AL,01115
24932,AL,01117
9596,AL,01121
5365,AL,01123
19342,AL,01125
7263,AL,01127
2829,AL,01133
43347,AL,NA
4711,AR,05005
29708,AR,05007
4387,AR,05009
2571,AR,05015
2230,AR,05019
3076,AR,05023
2015,AR,05027
2247,AR,05029
15596,AR,05031
7087,AR,05033
5832,AR,05035
14809,AR,05045
11005,AR,05051
6812,AR,05055
2095,AR,05057
4649,AR,05059
4619,AR,05063
6351,AR,05069
3075,AR,05071
2441,AR,05083
9157,AR,05085
4291,AR,05091
5159,AR,05093
2376,AR,05103
3266,AR,05111
7490,AR,05115
41292,AR,05119
2416,AR,05123
13522,AR,05125
14926,AR,05131
4136,AR,05139
25963,AR,05143
10118,AR,05145
2536,AR,05149
60049,AR,NA
8742,AZ,04001
12700,AZ,04003
17356,AZ,04005
7390,AZ,04007
5437,AZ,04009
541097,AZ,04013
25706,AZ,04015
15440,AZ,04017
99701,AZ,04019
60455,AZ,04021
4285,AZ,04023
24049,AZ,04025
16074,AZ,04027
3907,AZ,NA
92231,CA,06001
3394,CA,06005
18434,CA,06007
3609,CA,06009
1930,CA,06011
77034,CA,06013
3125,CA,06015
13458,CA,06017
91061,CA,06019
2838,CA,06021
9943,CA,06023
18258,CA,06025
90911,CA,06029
19687,CA,06031
5317,CA,06033
2922,CA,06035
951084,CA,06037
16024,CA,06039
12697,CA,06041
6837,CA,06045
27112,CA,06047
26328,CA,06053
9533,CA,06055
8111,CA,06057
209834,CA,06059
31328,CA,06061
227374,CA,06065
118849,CA,06067
4902,CA,06069
204214,CA,06071
311863,CA,06073
50258,CA,06075
66257,CA,06077
23020,CA,06079
43565,CA,06081
34447,CA,06083
104282,CA,06085
15021,CA,06087
17965,CA,06089
3802,CA,06093
32704,CA,06095
29285,CA,06097
55413,CA,06099
8582,CA,06101
7099,CA,06103
50911,CA,06107
5430,CA,06109
75522,CA,06111
15286,CA,06113
7361,CA,06115
10554,CA,NA
53558,CO,08001
64642,CO,08005
25255,CO,08013
5968,CO,08014
1842,CO,08015
3117,CO,08029
70989,CO,08031
36598,CO,08035
8246,CO,08037
2302,CO,08039
84325,CO,08041
5989,CO,08043
5923,CO,08045
53719,CO,08059
5551,CO,08067
36562,CO,08069
2051,CO,08075
21060,CO,08077
2985,CO,08083
4824,CO,08085
2098,CO,08087
18512,CO,08101
3425,CO,08107
5093,CO,08117
2603,CO,08119
38181,CO,08123
35859,CO,NA
55891,CT,09001
50825,CT,09003
9495,CT,09005
8087,CT,09007
56890,CT,09009
16083,CT,09011
6100,CT,09013
7886,CT,09015
4834,CT,NA
34676,DC,11001
30,DC,NA
21043,DE,10001
68807,DE,10003
26883,DE,10005
6984,DE,NA
28914,FL,12001
3542,FL,12003
19869,FL,12005
3261,FL,12007
59243,FL,12009
293545,FL,12011
16669,FL,12015
13379,FL,12017
24422,FL,12019
36868,FL,12021
9052,FL,12023
4020,FL,12027
128439,FL,12031
37176,FL,12033
9919,FL,12035
5299,FL,12039
3984,FL,12049
4558,FL,12051
22175,FL,12053
10756,FL,12055
172548,FL,12057
16364,FL,12061
6055,FL,12063
43204,FL,12069
93300,FL,12071
32173,FL,12073
4894,FL,12075
43437,FL,12081
41231,FL,12083
13671,FL,12085
571112,FL,12086
7278,FL,12087
10636,FL,12089
20616,FL,12091
4896,FL,12093
167025,FL,12095
51853,FL,12097
179452,FL,12099
59883,FL,12101
94072,FL,12103
97816,FL,12105
8272,FL,12107
26921,FL,12109
38224,FL,12111
19004,FL,12113
43615,FL,12115
50020,FL,12117
10456,FL,12119
4739,FL,12121
2236,FL,12123
55119,FL,12127
3908,FL,12129
7411,FL,12131
2761,FL,12133
22486,FL,NA
2814,GA,13009
8663,GA,13013
12647,GA,13015
13571,GA,13021
4028,GA,13029
6510,GA,13031
1222,GA,13033
2813,GA,13035
4962,GA,13039
10102,GA,13045
5330,GA,13047
22941,GA,13051
2794,GA,13055
29590,GA,13057
9872,GA,13059
26696,GA,13063
76683,GA,13067
3079,GA,13069
4590,GA,13071
11833,GA,13073
15051,GA,13077
1405,GA,13081
2267,GA,13085
1861,GA,13087
57186,GA,13089
2024,GA,13091
6333,GA,13095
16834,GA,13097
6075,GA,13103
895,GA,13107
2263,GA,13111
10142,GA,13113
11016,GA,13115
23654,GA,13117
1615,GA,13119
95837,GA,13121
2974,GA,13123
8399,GA,13127
5978,GA,13129
1916,GA,13131
82900,GA,13135
3116,GA,13137
15475,GA,13139
2204,GA,13143
2188,GA,13145
1723,GA,13147
27441,GA,13151
11755,GA,13153
8236,GA,13157
2027,GA,13169
5296,GA,13175
2686,GA,13177
5038,GA,13179
11012,GA,13185
1653,GA,13187
1858,GA,13189
3018,GA,13195
1701,GA,13199
1705,GA,13205
2564,GA,13207
4477,GA,13213
13928,GA,13215
12062,GA,13217
3024,GA,13219
18688,GA,13223
2126,GA,13225
4101,GA,13227
5180,GA,13233
1488,GA,13237
17188,GA,13245
8904,GA,13247
7439,GA,13255
1291,GA,13257
2567,GA,13261
1967,GA,13267
4514,GA,13275
4744,GA,13277
2590,GA,13279
6812,GA,13285
1400,GA,13291
1690,GA,13293
6441,GA,13295
10550,GA,13297
3693,GA,13299
1461,GA,13303
3129,GA,13305
1495,GA,13311
10952,GA,13313
1640,GA,13321
109431,GA,NA
13012,GU,NA
6150,HI,15001
13826,HI,15003
3511,HI,15009
1790,HI,NA
1447,IA,19011
6500,IA,19013
1389,IA,19015
1088,IA,19017
1163,IA,19019
916,IA,19027
2402,IA,19033
2619,IA,19045
5076,IA,19049
2869,IA,19057
4899,IA,19061
1992,IA,19099
5723,IA,19103
958,IA,19105
2447,IA,19111
11170,IA,19113
1397,IA,19123
2144,IA,19125
2016,IA,19127
2187,IA,19139
1013,IA,19149
27845,IA,19153
5566,IA,19155
9030,IA,19163
1170,IA,19167
3666,IA,19169
2436,IA,19179
3192,IA,19181
1530,IA,19183
2147,IA,19187
6109,IA,19193
46811,IA,NA
52431,ID,16001
8242,ID,16005
3752,ID,16011
2115,ID,16013
4701,ID,16017
11914,ID,16019
24104,ID,16027
1427,ID,16031
3174,ID,16039
2555,ID,16051
2215,ID,16053
19030,ID,16055
2717,ID,16057
3981,ID,16065
1227,ID,16067
3542,ID,16069
2207,ID,16075
9048,ID,16083
20131,ID,NA
11073,IL,17001
6008,IL,17007
3834,IL,17011
32280,IL,17019
4765,IL,17021
5189,IL,17027
6547,IL,17029
572447,IL,17031
11833,IL,17037
109929,IL,17043
4628,IL,17049
2744,IL,17051
5792,IL,17055
5249,IL,17057
6823,IL,17063
5532,IL,17073
3479,IL,17075
7360,IL,17077
5069,IL,17081
2845,IL,17083
1669,IL,17085
60713,IL,17089
14405,IL,17091
17020,IL,17093
5835,IL,17095
65578,IL,17097
14478,IL,17099
3981,IL,17103
4301,IL,17105
4443,IL,17107
3150,IL,17109
38444,IL,17111
25765,IL,17113
14952,IL,17115
5652,IL,17117
34742,IL,17119
5703,IL,17121
4383,IL,17133
4242,IL,17135
4023,IL,17137
6758,IL,17141
26110,IL,17143
3043,IL,17145
3927,IL,17157
15755,IL,17161
31442,IL,17163
3678,IL,17165
27296,IL,17167
2809,IL,17173
5829,IL,17177
19612,IL,17179
15218,IL,17183
6891,IL,17195
85240,IL,17197
10736,IL,17199
37014,IL,17201
5519,IL,17203
74679,IL,NA
3317,IN,18001
47980,IN,18003
9278,IN,18005
7661,IN,18011
2351,IN,18015
4400,IN,18017
13937,IN,18019
3379,IN,18021
3596,IN,18023
3120,IN,18027
6220,IN,18029
2977,IN,18031
5925,IN,18033
11031,IN,18035
4790,IN,18037
21259,IN,18039
3002,IN,18041
8242,IN,18043
2182,IN,18047
4707,IN,18051
8461,IN,18053
3569,IN,18055
37137,IN,18057
10535,IN,18059
5011,IN,18061
18616,IN,18063
5924,IN,18065
11892,IN,18067
6049,IN,18069
5015,IN,18071
4664,IN,18073
2134,IN,18075
4773,IN,18077
3403,IN,18079
19626,IN,18081
4745,IN,18083
8830,IN,18085
2658,IN,18087
48009,IN,18089
12566,IN,18091
5551,IN,18093
15262,IN,18095
95133,IN,18097
5462,IN,18099
4438,IN,18103
9641,IN,18105
5089,IN,18107
7320,IN,18109
6023,IN,18113
2678,IN,18119
16992,IN,18127
2638,IN,18129
4528,IN,18133
2527,IN,18135
3596,IN,18137
31757,IN,18141
3748,IN,18143
6152,IN,18145
2360,IN,18147
2425,IN,18149
4732,IN,18151
2094,IN,18153
19646,IN,18157
22474,IN,18163
11976,IN,18167
4274,IN,18169
8132,IN,18173
2678,IN,18175
8260,IN,18177
3381,IN,18179
2864,IN,18181
4788,IN,18183
35550,IN,NA
2513,KS,20009
7863,KS,20015
4439,KS,20035
4408,KS,20037
8514,KS,20045
2082,KS,20051
3219,KS,20055
2697,KS,20057
3050,KS,20059
3515,KS,20061
4048,KS,20079
56249,KS,20091
7523,KS,20103
3345,KS,20111
3052,KS,20113
3530,KS,20121
3798,KS,20125
2414,KS,20149
6979,KS,20155
4309,KS,20161
5458,KS,20169
57796,KS,20173
2152,KS,20175
20040,KS,20177
2647,KS,20191
17153,KS,20209
60971,KS,NA
2741,KY,21003
2673,KY,21005
6354,KY,21009
3844,KY,21013
11986,KY,21015
5571,KY,21019
3206,KY,21021
2437,KY,21027
8701,KY,21029
3532,KY,21035
6921,KY,21037
3909,KY,21043
6152,KY,21047
4545,KY,21049
10826,KY,21059
35609,KY,21067
5391,KY,21071
6320,KY,21073
2954,KY,21081
4444,KY,21083
2642,KY,21085
4767,KY,21089
14161,KY,21093
4172,KY,21095
5036,KY,21101
5963,KY,21107
77766,KY,21111
5906,KY,21113
2471,KY,21115
15347,KY,21117
5564,KY,21121
9119,KY,21125
3228,KY,21133
3087,KY,21137
3576,KY,21141
6605,KY,21145
10247,KY,21151
2904,KY,21157
2800,KY,21163
2875,KY,21167
3949,KY,21173
3534,KY,21177
6572,KY,21179
2935,KY,21183
5513,KY,21185
4966,KY,21193
6145,KY,21195
7534,KY,21199
2244,KY,21205
7693,KY,21209
3860,KY,21211
4078,KY,21217
17147,KY,21227
2093,KY,21231
5629,KY,21235
2554,KY,21239
188963,KY,NA
6491,LA,22001
2649,LA,22003
17436,LA,22005
2958,LA,22007
4914,LA,22009
4233,LA,22011
15871,LA,22015
28901,LA,22017
24479,LA,22019
3624,LA,22031
50321,LA,22033
3713,LA,22039
3092,LA,22041
2630,LA,22043
9321,LA,22045
3929,LA,22047
52801,LA,22051
2976,LA,22053
27365,LA,22055
14728,LA,22057
4442,LA,22061
18170,LA,22063
2751,LA,22067
5047,LA,22069
41672,LA,22071
21517,LA,22073
2863,LA,22075
2535,LA,22077
16002,LA,22079
2860,LA,22083
3003,LA,22085
6012,LA,22087
7063,LA,22089
2721,LA,22093
4910,LA,22095
8459,LA,22097
6081,LA,22099
6309,LA,22101
34921,LA,22103
15810,LA,22105
14736,LA,22109
2811,LA,22111
7734,LA,22113
4913,LA,22115
5644,LA,22117
4579,LA,22119
3265,LA,22121
25374,LA,NA
22180,MA,25001
11712,MA,25003
80800,MA,25005
101639,MA,25009
4972,MA,25011
68952,MA,25013
13482,MA,25015
153419,MA,25017
70200,MA,25021
66613,MA,25023
94712,MA,25025
99218,MA,25027
4722,MA,NA
6916,MD,24001
41444,MD,24003
58261,MD,24005
7146,MD,24009
2767,MD,24011
14664,MD,24013
8084,MD,24015
5733,MD,24017
3753,MD,24019
21016,MD,24021
18110,MD,24025
16932,MD,24027
55832,MD,24031
63556,MD,24033
4090,MD,24035
9544,MD,24037
2719,MD,24039
2007,MD,24041
14882,MD,24043
7886,MD,24045
6101,MD,24047
45705,MD,24510
10197,MD,NA
13339,ME,23001
6866,ME,23003
23072,ME,23005
3448,ME,23007
4133,ME,23009
13264,ME,23011
3174,ME,23013
2873,ME,23015
6818,ME,23017
16041,ME,23019
2817,ME,23023
5969,ME,23025
3523,ME,23027
20438,ME,23031
4807,ME,NA
13512,MI,26005
2459,MI,26007
2468,MI,26009
7256,MI,26015
9960,MI,26017
15131,MI,26021
4553,MI,26023
14869,MI,26025
4479,MI,26027
2568,MI,26029
2316,MI,26031
3284,MI,26033
3499,MI,26035
10563,MI,26037
4053,MI,26041
2462,MI,26043
12993,MI,26045
3299,MI,26047
41105,MI,26049
2586,MI,26051
8845,MI,26055
5716,MI,26057
4427,MI,26059
3340,MI,26061
4362,MI,26063
20101,MI,26065
9158,MI,26067
2565,MI,26069
7106,MI,26073
16140,MI,26075
25932,MI,26077
50605,MI,26081
9196,MI,26087
1916,MI,26089
13973,MI,26091
25316,MI,26093
78438,MI,26099
2071,MI,26101
5518,MI,26103
3416,MI,26105
4277,MI,26107
2307,MI,26109
9145,MI,26111
16096,MI,26115
8690,MI,26117
13361,MI,26121
5804,MI,26123
88733,MI,26125
3161,MI,26127
2171,MI,26129
2718,MI,26133
3206,MI,26137
35725,MI,26139
2344,MI,26143
18762,MI,26145
18039,MI,26147
5806,MI,26149
4485,MI,26151
9717,MI,26155
6883,MI,26157
7176,MI,26159
35214,MI,26161
143436,MI,26163
3450,MI,26165
23476,MI,NA
45308,MN,27003
3948,MN,27005
5921,MN,27007
6146,MN,27009
7929,MN,27013
3053,MN,27015
3481,MN,27017
13159,MN,27019
3430,MN,27021
6969,MN,27025
7158,MN,27027
7788,MN,27035
49330,MN,27037
2840,MN,27039
4999,MN,27041
2346,MN,27045
4372,MN,27047
6305,MN,27049
129314,MN,27053
2404,MN,27057
5276,MN,27059
5895,MN,27061
5193,MN,27067
3145,MN,27079
2773,MN,27083
4900,MN,27085
2887,MN,27093
3836,MN,27095
4192,MN,27097
4863,MN,27099
3660,MN,27103
1900,MN,27105
16300,MN,27109
6306,MN,27111
3165,MN,27115
3185,MN,27119
51539,MN,27123
7128,MN,27131
20664,MN,27137
19101,MN,27139
13547,MN,27141
20869,MN,27145
5058,MN,27147
3109,MN,27153
2615,MN,27157
29178,MN,27163
5236,MN,27169
18330,MN,27171
48289,MN,NA
2256,MO,29001
2173,MO,29007
2588,MO,29009
14675,MO,29019
9517,MO,29021
4051,MO,29023
4660,MO,29027
3642,MO,29029
6686,MO,29031
11426,MO,29037
8522,MO,29043
25444,MO,29047
2058,MO,29049
6839,MO,29051
2145,MO,29055
2692,MO,29069
10978,MO,29071
27509,MO,29077
2418,MO,29083
3772,MO,29091
71698,MO,29095
13091,MO,29097
23002,MO,29099
5040,MO,29101
3191,MO,29105
3619,MO,29107
3125,MO,29109
6880,MO,29113
1995,MO,29119
3169,MO,29127
2280,MO,29131
1608,MO,29141
4481,MO,29145
2111,MO,29147
4320,MO,29159
4534,MO,29161
8988,MO,29165
3327,MO,29167
2950,MO,29169
2037,MO,29175
2519,MO,29177
36965,MO,29183
6360,MO,29187
88698,MO,29189
2424,MO,29195
4137,MO,29201
2628,MO,29207
2462,MO,29209
5789,MO,29213
1963,MO,29215
2140,MO,29217
3867,MO,29219
2280,MO,29221
3670,MO,29225
23840,MO,29510
64386,MO,NA
2474,MS,28001
2712,MS,28003
2472,MS,28011
1844,MS,28027
1921,MS,28029
14062,MS,28033
6410,MS,28035
2828,MS,28039
1399,MS,28043
4144,MS,28045
19713,MS,28047
15066,MS,28049
1447,MS,28057
11898,MS,28059
6693,MS,28067
3704,MS,28071
4291,MS,28073
5774,MS,28075
1832,MS,28079
5683,MS,28081
1848,MS,28083
2415,MS,28085
5268,MS,28087
5611,MS,28089
1971,MS,28091
2974,MS,28093
2769,MS,28095
3049,MS,28099
1636,MS,28101
2980,MS,28105
2699,MS,28107
4779,MS,28109
3055,MS,28113
2414,MS,28115
1799,MS,28117
10380,MS,28121
2034,MS,28123
2024,MS,28127
1539,MS,28133
1734,MS,28137
2280,MS,28139
2604,MS,28145
3103,MS,28149
2407,MS,28151
2134,MS,28153
1759,MS,28163
54651,MS,NA
10729,MT,30013
12752,MT,30029
14406,MT,30031
3272,MT,30047
7884,MT,30049
12267,MT,30063
3354,MT,30081
3313,MT,30093
18329,MT,30111
30944,MT,NA
499,NA,NA
20763,NC,37001
4561,NC,37003
2912,NC,37007
2681,NC,37009
5464,NC,37013
4401,NC,37017
14398,NC,37019
24395,NC,37021
10783,NC,37023
28373,NC,37025
8897,NC,37027
6432,NC,37031
2482,NC,37033
20669,NC,37035
5453,NC,37037
3576,NC,37039
13605,NC,37045
7084,NC,37047
10635,NC,37049
39627,NC,37051
2675,NC,37053
3784,NC,37055
21508,NC,37057
5517,NC,37059
6598,NC,37061
27143,NC,37063
6234,NC,37065
40430,NC,37067
8452,NC,37069
30582,NC,37071
5853,NC,37077
2424,NC,37079
54438,NC,37081
6097,NC,37083
15202,NC,37085
6179,NC,37087
12050,NC,37089
1816,NC,37091
5647,NC,37093
23969,NC,37097
4224,NC,37099
25642,NC,37101
6933,NC,37105
6993,NC,37107
11747,NC,37109
6277,NC,37111
4163,NC,37113
2422,NC,37115
2561,NC,37117
127392,NC,37119
2916,NC,37123
10317,NC,37125
11426,NC,37127
23010,NC,37129
23358,NC,37133
9248,NC,37135
4005,NC,37139
7134,NC,37141
4290,NC,37145
22007,NC,37147
1810,NC,37149
16721,NC,37151
5449,NC,37153
17411,NC,37155
10001,NC,37157
19898,NC,37159
7675,NC,37161
7272,NC,37163
3853,NC,37165
8836,NC,37167
5590,NC,37169
10092,NC,37171
3536,NC,37175
29756,NC,37179
5457,NC,37181
119905,NC,37183
4460,NC,37189
12024,NC,37191
8118,NC,37193
8896,NC,37195
5050,NC,37197
30341,NC,NA
12122,ND,38015
20315,ND,38017
6003,ND,38035
3995,ND,38059
5012,ND,38089
2035,ND,38093
6846,ND,38101
4187,ND,38105
22507,ND,NA
2486,NE,31001
5431,NE,31019
1794,NE,31025
1766,NE,31043
2153,NE,31047
3609,NE,31053
54672,NE,31055
1164,NE,31067
5913,NE,31079
27593,NE,31109
2965,NE,31111
1913,NE,31119
2717,NE,31141
14002,NE,31153
1987,NE,31155
3171,NE,31157
1759,NE,31177
33176,NE,NA
7609,NH,33001
5495,NH,33003
8739,NH,33005
4047,NH,33007
8982,NH,33009
49808,NH,33011
16921,NH,33013
35382,NH,33015
16161,NH,33017
6308,NH,33019
1127,NH,NA
37372,NJ,34001
117012,NJ,34003
54815,NJ,34005
62483,NJ,34007
13577,NJ,34009
19701,NJ,34011
114926,NJ,34013
36740,NJ,34015
85102,NJ,34017
14086,NJ,34019
37398,NJ,34021
102757,NJ,34023
94876,NJ,34025
63321,NJ,34027
89840,NJ,34029
71230,NJ,34031
7682,NJ,34033
37158,NJ,34035
21332,NJ,34037
74507,NJ,34039
13386,NJ,34041
9299,NJ,NA
57717,NM,35001
8329,NM,35005
2284,NM,35006
4855,NM,35009
20363,NM,35013
7785,NM,35015
3425,NM,35017
8576,NM,35025
2459,NM,35029
7634,NM,35031
7644,NM,35035
3957,NM,35039
12940,NM,35043
17891,NM,35045
2561,NM,35047
9738,NM,35049
2115,NM,35055
7801,NM,35061
18863,NM,NA
1761,NV,32001
204614,NV,32003
3201,NV,32005
5734,NV,32007
5107,NV,32019
3467,NV,32023
37021,NV,32031
4812,NV,32510
4159,NV,NA
29146,NY,36001
5140,NY,36003
221576,NY,36005
25637,NY,36007
8230,NY,36009
8406,NY,36011
13477,NY,36013
10162,NY,36015
5348,NY,36017
8042,NY,36019
4925,NY,36021
5496,NY,36023
4459,NY,36025
32437,NY,36027
117559,NY,36029
3146,NY,36031
5490,NY,36033
7458,NY,36035
6711,NY,36037
4672,NY,36039
7115,NY,36043
10787,NY,36045
394142,NY,36047
3380,NY,36049
6864,NY,36051
6695,NY,36053
79182,NY,36055
5605,NY,36057
179693,NY,36059
231852,NY,36061
23960,NY,36063
25754,NY,36065
46564,NY,36067
10593,NY,36069
60640,NY,36071
5440,NY,36073
14335,NY,36075
5138,NY,36077
13871,NY,36079
347659,NY,36081
18826,NY,36083
92148,NY,36085
29481,NY,36087
12603,NY,36089
17528,NY,36091
16692,NY,36093
2652,NY,36095
258,NY,36099
11074,NY,36101
178289,NY,36103
9140,NY,36105
6130,NY,36107
10102,NY,36109
18479,NY,36111
8055,NY,36113
6909,NY,36115
6443,NY,36117
122931,NY,36119
4270,NY,36121
1238,NY,36123
23251,NY,NA
3559,OH,39001
12404,OH,39003
6477,OH,39005
11772,OH,39007
5992,OH,39009
5059,OH,39011
7901,OH,39013
5923,OH,39015
37516,OH,39017
3009,OH,39019
4578,OH,39021
15963,OH,39023
23781,OH,39025
4757,OH,39027
13832,OH,39029
4383,OH,39031
5639,OH,39033
131282,OH,39035
5359,OH,39037
5083,OH,39039
19614,OH,39041
9885,OH,39043
18021,OH,39045
3590,OH,39047
117157,OH,39049
5092,OH,39051
3335,OH,39053
9054,OH,39055
18375,OH,39057
5723,OH,39059
79292,OH,39061
8021,OH,39063
3576,OH,39065
2989,OH,39069
5348,OH,39071
3315,OH,39073
2283,OH,39075
7680,OH,39077
4000,OH,39079
7651,OH,39081
7163,OH,39083
24751,OH,39085
8060,OH,39087
21080,OH,39089
5204,OH,39091
38039,OH,39093
45654,OH,39095
4304,OH,39097
27263,OH,39099
8043,OH,39101
22089,OH,39103
2387,OH,39105
3600,OH,39107
12252,OH,39109
55117,OH,39113
4009,OH,39117
12410,OH,39119
3952,OH,39123
4464,OH,39127
7509,OH,39129
3437,OH,39131
19099,OH,39133
4402,OH,39135
3424,OH,39137
16905,OH,39139
8617,OH,39141
7225,OH,39143
9709,OH,39145
6385,OH,39147
5071,OH,39149
41277,OH,39151
55235,OH,39153
21335,OH,39155
10384,OH,39157
7346,OH,39159
3294,OH,39161
25509,OH,39165
6470,OH,39167
12126,OH,39169
4739,OH,39171
14646,OH,39173
2589,OH,39175
17837,OH,NA
2984,OK,40001
1860,OK,40009
5252,OK,40013
2499,OK,40015
13198,OK,40017
5860,OK,40019
5295,OK,40021
25037,OK,40027
12762,OK,40031
7430,OK,40037
2358,OK,40039
4496,OK,40041
4942,OK,40047
2397,OK,40049
4577,OK,40051
1774,OK,40065
4441,OK,40071
4889,OK,40079
2851,OK,40081
3775,OK,40083
3997,OK,40087
2826,OK,40089
4332,OK,40097
7099,OK,40101
61990,OK,40109
3653,OK,40111
4015,OK,40113
3508,OK,40115
6105,OK,40119
3921,OK,40121
4079,OK,40123
7062,OK,40125
9817,OK,40131
2068,OK,40133
4239,OK,40135
4696,OK,40137
61720,OK,40143
8788,OK,40145
5289,OK,40147
1571,OK,40153
33317,OK,NA
5658,OR,41003
27384,OR,41005
2356,OR,41007
3944,OR,41009
5842,OR,41011
3213,OR,41013
1739,OR,41015
23295,OR,41017
12968,OR,41019
1459,OR,41027
21228,OR,41029
3035,OR,41031
9889,OR,41033
7441,OR,41035
26263,OR,41039
3127,OR,41041
13489,OR,41043
3120,OR,41045
29091,OR,41047
44457,OR,41051
7109,OR,41053
2131,OR,41057
9890,OR,41059
2573,OR,41061
2407,OR,41065
32426,OR,41067
8039,OR,41071
8321,OR,NA
14048,PA,42001
131041,PA,42003
8498,PA,42005
21957,PA,42007
5763,PA,42009
54608,PA,42011
15033,PA,42013
7880,PA,42015
65539,PA,42017
24034,PA,42019
16250,PA,42021
9302,PA,42025
17333,PA,42027
48661,PA,42029
4488,PA,42031
10337,PA,42033
4821,PA,42035
8015,PA,42037
10428,PA,42039
26779,PA,42041
30742,PA,42043
54165,PA,42045
3853,PA,42047
30706,PA,42049
15640,PA,42051
21389,PA,42055
4682,PA,42059
5406,PA,42061
8600,PA,42063
4962,PA,42065
2367,PA,42067
21448,PA,42069
65064,PA,42071
10569,PA,42073
18928,PA,42075
46378,PA,42077
36847,PA,42079
15571,PA,42081
4549,PA,42083
12423,PA,42085
5735,PA,42087
21467,PA,42089
79179,PA,42091
44408,PA,42095
11663,PA,42097
5075,PA,42099
145245,PA,42101
6248,PA,42103
18188,PA,42107
4098,PA,42109
9078,PA,42111
5038,PA,42115
4326,PA,42117
5595,PA,42119
6565,PA,42121
4014,PA,42123
27251,PA,42125
5873,PA,42127
40494,PA,42129
3043,PA,42131
64921,PA,42133
11443,PA,NA
36749,PR,NA
4819,RI,44001
17917,RI,44003
7222,RI,44005
82229,RI,44007
11345,RI,44009
234,RI,NA
2994,SC,45001
19708,SC,45003
27910,SC,45007
2592,SC,45011
19411,SC,45013
24769,SC,45015
49333,SC,45019
7630,SC,45021
4834,SC,45023
5971,SC,45025
3834,SC,45027
4053,SC,45029
8507,SC,45031
4424,SC,45033
29029,SC,45035
3132,SC,45037
2320,SC,45039
18269,SC,45041
6733,SC,45043
76678,SC,45045
9434,SC,45047
47680,SC,45051
2719,SC,45053
9622,SC,45055
12476,SC,45057
8925,SC,45059
43395,SC,45063
3889,SC,45067
3400,SC,45069
5429,SC,45071
11478,SC,45073
10706,SC,45075
19235,SC,45077
51791,SC,45079
1685,SC,45081
46022,SC,45083
13067,SC,45085
3543,SC,45087
3595,SC,45089
36954,SC,45091
11069,SC,NA
1342,SD,46011
2152,SD,46013
1880,SD,46029
1455,SD,46081
3579,SD,46083
1185,SD,46093
13153,SD,46099
6390,SD,46103
1449,SD,46135
21652,SD,NA
8731,TN,47001
5487,TN,47003
15183,TN,47009
14565,TN,47011
5260,TN,47013
3401,TN,47017
7005,TN,47019
4923,TN,47021
4458,TN,47025
5382,TN,47029
6498,TN,47031
7335,TN,47035
81024,TN,47037
2340,TN,47041
6711,TN,47043
4453,TN,47045
5213,TN,47047
5024,TN,47051
6536,TN,47053
3722,TN,47055
3008,TN,47057
9628,TN,47059
8020,TN,47063
41178,TN,47065
2812,TN,47069
3235,TN,47071
7838,TN,47073
3225,TN,47077
3455,TN,47079
2986,TN,47081
6934,TN,47089
52458,TN,47093
2928,TN,47097
5819,TN,47099
3782,TN,47103
6082,TN,47105
6693,TN,47107
2971,TN,47109
3164,TN,47111
11650,TN,47113
3994,TN,47115
4477,TN,47117
11810,TN,47119
6459,TN,47123
24753,TN,47125
2420,TN,47129
3664,TN,47131
2878,TN,47133
9394,TN,47141
4161,TN,47143
6357,TN,47145
9342,TN,47147
40758,TN,47149
3850,TN,47151
13195,TN,47155
109951,TN,47157
2380,TN,47159
20194,TN,47163
22332,TN,47165
7821,TN,47167
4716,TN,47177
15363,TN,47179
3623,TN,47183
3196,TN,47185
27436,TN,47187
18128,TN,47189
65224,TN,NA
4424,TX,48001
6659,TX,48005
2206,TX,48007
5881,TX,48013
3057,TX,48015
1854,TX,48019
9903,TX,48021
3323,TX,48025
32713,TX,48027
225361,TX,48029
9139,TX,48037
43412,TX,48039
32847,TX,48041
6629,TX,48049
5533,TX,48053
5849,TX,48055
2668,TX,48057
32692,TX,48061
3529,TX,48067
7110,TX,48071
3263,TX,48073
89503,TX,48085
1776,TX,48089
18553,TX,48091
3131,TX,48097
7264,TX,48099
292733,TX,48113
156088,TX,48121
1755,TX,48123
20180,TX,48135
22594,TX,48139
60690,TX,48141
3791,TX,48143
3523,TX,48147
2265,TX,48149
78403,TX,48157
3821,TX,48163
252,TX,48165
41973,TX,48167
2236,TX,48171
2010,TX,48177
2260,TX,48179
11546,TX,48181
8438,TX,48183
3149,TX,48185
18287,TX,48187
1878,TX,48189
7708,TX,48199
423506,TX,48201
7090,TX,48203
30794,TX,48209
5835,TX,48213
69156,TX,48215
3045,TX,48217
2129,TX,48219
6365,TX,48221
3666,TX,48223
1851,TX,48225
2290,TX,48227
8536,TX,48231
2296,TX,48233
3945,TX,48241
21009,TX,48245
4920,TX,48249
20497,TX,48251
1889,TX,48253
16003,TX,48257
4215,TX,48259
4682,TX,48265
3097,TX,48273
4421,TX,48277
2629,TX,48281
1720,TX,48285
10600,TX,48291
2098,TX,48293
2058,TX,48299
27721,TX,48303
22775,TX,48309
4735,TX,48321
9870,TX,48323
4892,TX,48325
18291,TX,48329
2814,TX,48331
66791,TX,48339
1566,TX,48341
5389,TX,48347
5582,TX,48349
32952,TX,48355
10343,TX,48361
3032,TX,48363
2087,TX,48365
16987,TX,48367
3815,TX,48373
18936,TX,48375
22982,TX,48381
13048,TX,48397
5782,TX,48401
2733,TX,48407
6255,TX,48409
2120,TX,48419
17820,TX,48423
6987,TX,48427
232276,TX,48439
13726,TX,48441
3578,TX,48449
12049,TX,48451
110638,TX,48453
2223,TX,48457
4218,TX,48459
4656,TX,48463
8931,TX,48465
4927,TX,48467
9808,TX,48469
8844,TX,48471
5005,TX,48473
4022,TX,48477
28464,TX,48479
4461,TX,48481
13984,TX,48485
3642,TX,48489
59158,TX,48491
5525,TX,48493
7853,TX,48497
3381,TX,48499
283725,TX,NA
6525,UT,49003
13897,UT,49005
2285,UT,49007
41148,UT,49011
6756,UT,49021
121791,UT,49035
3006,UT,49039
2658,UT,49041
5231,UT,49043
9154,UT,49045
3861,UT,49047
72920,UT,49049
4003,UT,49051
17288,UT,49053
29198,UT,49057
25000,UT,NA
2938,VA,51001
7522,VA,51003
3383,VA,51009
16829,VA,51013
8701,VA,51015
8489,VA,51019
3549,VA,51023
2132,VA,51027
6725,VA,51031
3865,VA,51033
3317,VA,51035
33721,VA,51041
5151,VA,51047
2857,VA,51053
75127,VA,51059
6939,VA,51061
2543,VA,51065
4971,VA,51067
10794,VA,51069
3598,VA,51073
1997,VA,51075
3212,VA,51083
10939,VA,51085
30378,VA,51087
4994,VA,51089
3640,VA,51093
6551,VA,51095
2603,VA,51099
2630,VA,51105
31022,VA,51107
3358,VA,51109
2361,VA,51117
8263,VA,51121
2304,VA,51127
3681,VA,51137
2955,VA,51139
6455,VA,51143
2348,VA,51145
2152,VA,51147
4049,VA,51149
40188,VA,51153
3477,VA,51155
9482,VA,51161
1928,VA,51163
6810,VA,51165
3012,VA,51167
2559,VA,51169
5537,VA,51171
3724,VA,51173
14506,VA,51177
15821,VA,51179
4216,VA,51185
5023,VA,51187
6050,VA,51191
4371,VA,51195
3657,VA,51197
4823,VA,51199
13175,VA,51510
3700,VA,51540
24016,VA,51550
4679,VA,51590
690,VA,51600
2697,VA,51630
13569,VA,51650
4460,VA,51660
3326,VA,51670
8467,VA,51680
3482,VA,51683
17550,VA,51700
20076,VA,51710
4384,VA,51730
10543,VA,51740
20623,VA,51760
8964,VA,51770
2893,VA,51775
2366,VA,51790
8970,VA,51800
44504,VA,51810
2693,VA,51820
2778,VA,51840
77006,VA,NA
7575,VI,NA
2096,VT,50001
3616,VT,50003
2779,VT,50005
11759,VT,50007
4546,VT,50011
1758,VT,50015
1775,VT,50017
3516,VT,50019
5887,VT,50021
4021,VT,50023
2744,VT,50025
3994,VT,50027
1700,VT,NA
2066,WA,53003
22290,WA,53005
7860,WA,53007
5765,WA,53009
38211,WA,53011
12974,WA,53015
4264,WA,53017
12253,WA,53021
11320,WA,53025
7988,WA,53027
4191,WA,53029
1298,WA,53031
150496,WA,53033
17369,WA,53035
4100,WA,53037
1869,WA,53039
9465,WA,53041
5463,WA,53045
3960,WA,53047
1688,WA,53049
92839,WA,53053
11124,WA,53057
62303,WA,53061
54394,WA,53063
4460,WA,53065
23226,WA,53067
5930,WA,53071
17844,WA,53073
3405,WA,53075
26377,WA,53077
8648,WA,NA
1749,WI,55001
6194,WI,55005
21277,WI,55009
5190,WI,55015
7130,WI,55017
2511,WI,55019
5127,WI,55021
36089,WI,55025
7497,WI,55027
2325,WI,55029
4467,WI,55031
5125,WI,55033
11392,WI,55035
11667,WI,55039
4321,WI,55043
3511,WI,55045
1724,WI,55049
1672,WI,55053
7193,WI,55055
2615,WI,55057
15926,WI,55059
2179,WI,55061
11184,WI,55063
2590,WI,55069
8510,WI,55071
14835,WI,55073
4723,WI,55075
58082,WI,55079
3916,WI,55081
4391,WI,55083
3162,WI,55085
18739,WI,55087
8706,WI,55089
4509,WI,55093
5918,WI,55095
6245,WI,55097
19735,WI,55101
10700,WI,55105
8604,WI,55109
6036,WI,55111
3703,WI,55115
11282,WI,55117
1893,WI,55119
3090,WI,55121
2265,WI,55123
1675,WI,55125
9830,WI,55127
15091,WI,55131
34768,WI,55133
5137,WI,55135
2102,WI,55137
17453,WI,55139
8223,WI,55141
38387,WI,NA
47,WV,54039
470,WV,NA
4016,WY,56001
5652,WY,56005
6072,WY,56013
12647,WY,56021
11236,WY,56025
3703,WY,56029
3815,WY,56033
5626,WY,56037
4687,WY,56039
2667,WY,56041
16103,WY,NA
